file_extension,file_size_mb,days_since_modified,days_since_accessed,duplicate_count,action_label
.log,93,271,281,3,CLEANUP
.jpg,103,122,140,2,REVIEW
.pdf,88,100,107,3,CLEANUP
.zip,53,258,281,3,CLEANUP
.json,130,192,219,0,REVIEW
.jpg,58,22,50,3,CLEANUP
.pdf,59,170,197,3,CLEANUP
.log,190,175,204,2,CLEANUP
.log,64,131,135,2,CLEANUP
.zip,73,167,184,3,CLEANUP
.json,14,242,267,0,KEEP
.pdf,130,340,367,2,REVIEW
.zip,172,264,278,2,REVIEW
.json,164,50,57,3,CLEANUP
.tmp,134,54,63,3,CLEANUP
.docx,191,218,229,1,REVIEW
.log,14,351,366,2,CLEANUP
.pdf,190,296,316,3,CLEANUP
.png,111,53,76,1,KEEP
.csv,188,41,69,2,REVIEW
.docx,89,327,335,3,CLEANUP
.log,136,63,73,2,CLEANUP
.png,163,289,315,0,CLEANUP
.json,41,28,34,0,KEEP
.zip,162,33,48,2,REVIEW
.tmp,37,99,110,3,CLEANUP
.tmp,35,227,231,2,CLEANUP
.png,1,5,30,2,KEEP
.png,103,283,291,2,REVIEW
.mp4,42,179,185,0,KEEP
.tmp,96,222,226,2,CLEANUP
.jpg,143,171,199,3,CLEANUP
.json,71,187,205,1,KEEP
.rar,170,45,74,0,KEEP
.pdf,28,28,39,3,CLEANUP
.mp4,190,331,356,2,CLEANUP
.rar,190,225,225,0,REVIEW
.zip,121,116,128,0,KEEP
.tmp,198,137,166,0,CLEANUP
.zip,172,152,166,2,REVIEW
.tmp,96,233,252,0,CLEANUP
.pdf,186,52,63,1,KEEP
.zip,131,113,117,0,KEEP
.csv,187,113,114,1,KEEP
.mp4,87,224,224,0,KEEP
.docx,130,53,64,1,KEEP
.csv,160,247,250,2,REVIEW
.png,123,255,260,3,CLEANUP
.mp4,98,198,219,2,REVIEW
.txt,144,97,105,3,CLEANUP
.jpg,93,259,278,3,CLEANUP
.zip,147,346,348,2,REVIEW
.docx,96,199,218,0,KEEP
.zip,128,39,56,3,CLEANUP
.pdf,185,151,180,1,KEEP
.tmp,144,346,361,0,CLEANUP
.jpg,113,2,2,3,CLEANUP
.csv,197,37,63,2,REVIEW
.log,99,147,162,3,CLEANUP
.rar,152,54,77,0,KEEP
.zip,75,113,120,3,CLEANUP
.rar,84,254,256,3,CLEANUP
.pdf,99,153,181,1,KEEP
.docx,82,194,215,2,REVIEW
.zip,169,161,164,0,REVIEW
.mp4,48,135,137,0,KEEP
.tmp,176,22,35,1,KEEP
.csv,109,51,72,3,CLEANUP
.zip,21,286,286,3,CLEANUP
.zip,197,317,332,2,CLEANUP
.jpg,192,49,65,3,CLEANUP
.json,46,6,8,3,CLEANUP
.pdf,24,349,365,1,KEEP
.csv,99,188,188,3,CLEANUP
.tmp,160,161,163,3,CLEANUP
.log,54,58,60,3,CLEANUP
.pdf,114,288,302,1,REVIEW
.log,127,155,164,1,CLEANUP
.tmp,104,299,320,3,CLEANUP
.jpg,170,247,272,2,REVIEW
.tmp,152,13,40,1,KEEP
.pdf,36,173,192,0,KEEP
.pdf,144,142,153,2,REVIEW
.log,92,354,355,3,CLEANUP
.jpg,86,51,75,1,KEEP
.jpg,125,150,175,1,KEEP
.pdf,180,170,175,2,REVIEW
.log,188,101,101,3,CLEANUP
.png,108,5,11,3,CLEANUP
.rar,116,350,364,2,REVIEW
.zip,52,144,156,1,REVIEW
.jpg,158,147,163,3,CLEANUP
.tmp,92,58,80,1,CLEANUP
.pdf,117,318,340,2,REVIEW
.zip,129,58,83,0,KEEP
.mp4,96,126,147,3,CLEANUP
.docx,117,272,300,2,REVIEW
.zip,69,278,306,2,REVIEW
.pdf,154,144,162,0,KEEP
.pdf,29,220,224,2,KEEP
.pdf,190,204,219,1,REVIEW
.png,85,39,42,0,KEEP
.mp4,101,23,48,1,KEEP
.json,100,290,309,2,REVIEW
.pdf,147,96,96,3,CLEANUP
.zip,4,16,39,3,CLEANUP
.zip,128,160,186,3,CLEANUP
.jpg,178,163,190,0,REVIEW
.mp4,179,101,112,2,REVIEW
.txt,168,330,340,3,CLEANUP
.tmp,12,95,108,1,CLEANUP
.pdf,35,215,231,1,KEEP
.tmp,154,90,119,1,CLEANUP
.tmp,135,196,221,0,CLEANUP
.log,75,217,237,0,CLEANUP
.tmp,138,357,365,3,CLEANUP
.txt,177,99,114,3,CLEANUP
.log,96,152,174,1,CLEANUP
.jpg,12,183,195,2,KEEP
.png,105,286,302,0,REVIEW
.jpg,112,217,238,0,REVIEW
.rar,177,100,111,0,KEEP
.json,76,265,271,3,CLEANUP
.csv,128,52,70,1,KEEP
.zip,117,69,71,3,CLEANUP
.tmp,123,53,75,3,CLEANUP
.txt,109,181,190,1,REVIEW
.pdf,122,133,135,2,REVIEW
.jpg,75,146,160,3,CLEANUP
.zip,186,253,258,2,REVIEW
.mp4,168,170,178,1,KEEP
.rar,194,5,33,0,KEEP
.docx,136,321,342,3,CLEANUP
.docx,71,217,229,3,CLEANUP
.log,159,275,303,3,CLEANUP
.jpg,91,202,227,2,REVIEW
.pdf,195,173,185,1,REVIEW
.mp4,58,148,175,3,CLEANUP
.pdf,105,1,3,0,KEEP
.docx,191,312,312,1,CLEANUP
.mp4,58,44,56,3,CLEANUP
.jpg,47,149,164,1,KEEP
.json,164,227,245,3,CLEANUP
.pdf,47,233,249,1,KEEP
.tmp,1,54,75,2,CLEANUP
.json,185,12,21,3,CLEANUP
.pdf,102,156,176,3,CLEANUP
.docx,164,90,97,1,KEEP
.docx,28,220,224,0,KEEP
.tmp,155,145,153,0,CLEANUP
.mp4,157,46,48,0,KEEP
.json,115,256,260,2,REVIEW
.json,10,312,341,1,KEEP
.jpg,5,119,142,0,KEEP
.png,146,224,238,0,REVIEW
.log,26,63,87,1,CLEANUP
.txt,177,98,106,2,REVIEW
.pdf,149,311,316,3,CLEANUP
.txt,95,133,138,2,REVIEW
.jpg,53,165,174,1,KEEP
.log,85,78,86,1,CLEANUP
.tmp,173,205,208,1,CLEANUP
.rar,32,34,61,2,KEEP
.pdf,154,250,251,1,REVIEW
.png,123,306,317,0,REVIEW
.jpg,133,222,248,0,REVIEW
.jpg,47,207,211,0,KEEP
.zip,75,103,108,3,CLEANUP
.pdf,38,306,307,1,KEEP
.log,91,308,332,1,CLEANUP
.mp4,79,30,52,1,KEEP
.rar,133,285,288,1,REVIEW
.json,74,273,300,3,CLEANUP
.mp4,34,262,282,1,KEEP
.tmp,43,240,250,2,CLEANUP
.jpg,151,183,198,2,REVIEW
.mp4,144,8,11,3,CLEANUP
.zip,25,195,197,2,REVIEW
.zip,178,61,86,2,REVIEW
.pdf,5,92,101,0,KEEP
.pdf,70,1,5,0,KEEP
.log,46,34,50,1,CLEANUP
.log,155,73,98,0,CLEANUP
.mp4,56,350,360,2,REVIEW
.log,81,26,29,0,KEEP
.pdf,99,253,272,2,REVIEW
.jpg,56,214,227,1,KEEP
.png,78,216,217,0,KEEP
.pdf,187,312,330,2,CLEANUP
.zip,151,238,248,2,REVIEW
.pdf,18,294,296,2,KEEP
.docx,119,28,37,2,REVIEW
.tmp,86,126,137,0,CLEANUP
.rar,25,68,77,2,KEEP
.zip,146,111,114,2,REVIEW
.png,111,264,271,0,REVIEW
.jpg,42,101,106,3,CLEANUP
.zip,187,315,327,1,CLEANUP
.jpg,33,150,170,1,KEEP
.log,112,4,33,2,REVIEW
.pdf,94,95,118,2,REVIEW
.rar,131,243,250,0,REVIEW
.csv,6,322,341,3,CLEANUP
.json,79,134,155,0,KEEP
.mp4,179,62,86,1,KEEP
.jpg,136,26,44,0,KEEP
.png,70,118,121,2,REVIEW
.docx,20,113,124,2,KEEP
.png,142,320,325,0,REVIEW
.jpg,100,333,343,2,REVIEW
.pdf,178,10,14,2,REVIEW
.jpg,130,13,20,1,KEEP
.pdf,63,101,109,0,KEEP
.pdf,143,38,60,2,REVIEW
.log,49,69,98,3,CLEANUP
.csv,78,137,138,3,CLEANUP
.log,1,296,317,3,CLEANUP
.rar,72,267,275,0,REVIEW
.docx,30,291,311,0,KEEP
.txt,123,78,103,1,KEEP
.log,42,89,106,3,CLEANUP
.mp4,104,14,32,0,KEEP
.tmp,23,63,77,0,CLEANUP
.docx,194,309,316,3,CLEANUP
.zip,179,198,203,2,REVIEW
.zip,42,15,29,0,KEEP
.mp4,155,157,162,0,KEEP
.tmp,155,289,318,3,CLEANUP
.jpg,10,5,31,1,KEEP
.log,38,159,173,3,CLEANUP
.mp4,180,184,198,0,REVIEW
.jpg,157,47,50,3,CLEANUP
.png,155,95,113,2,REVIEW
.jpg,26,299,325,0,KEEP
.txt,74,360,365,1,KEEP
.mp4,47,346,359,2,KEEP
.docx,141,104,133,1,KEEP
.jpg,111,104,131,2,REVIEW
.json,100,324,328,3,CLEANUP
.pdf,127,106,122,3,CLEANUP
.log,137,51,79,1,CLEANUP
.json,11,257,270,0,KEEP
.csv,110,182,204,0,REVIEW
.log,182,55,73,3,CLEANUP
.jpg,175,309,317,1,CLEANUP
.txt,117,154,162,2,REVIEW
.log,25,90,100,1,CLEANUP
.log,162,347,363,3,CLEANUP
.docx,108,251,269,1,REVIEW
.docx,199,180,185,0,REVIEW
.json,177,285,295,1,REVIEW
.docx,114,49,55,0,KEEP
.csv,177,148,169,1,KEEP
.pdf,189,360,376,2,CLEANUP
.jpg,141,215,233,2,REVIEW
.txt,62,32,61,0,KEEP
.zip,30,144,151,2,REVIEW
.pdf,78,175,192,1,KEEP
.jpg,113,114,143,1,KEEP
.png,132,264,292,2,REVIEW
.json,32,266,275,2,KEEP
.zip,124,87,109,3,CLEANUP
.txt,135,349,356,0,REVIEW
.jpg,67,255,283,3,CLEANUP
.pdf,67,51,51,3,CLEANUP
.docx,162,291,314,1,CLEANUP
.jpg,46,165,186,0,KEEP
.mp4,55,7,16,2,REVIEW
.png,85,147,162,0,KEEP
.rar,29,188,205,1,REVIEW
.json,197,11,20,2,REVIEW
.log,119,20,24,0,KEEP
.mp4,137,226,246,3,CLEANUP
.docx,86,364,387,0,KEEP
.rar,120,59,72,2,REVIEW
.txt,114,115,131,1,KEEP
.png,194,237,261,2,REVIEW
.docx,22,235,248,3,CLEANUP
.pdf,29,109,110,2,KEEP
.zip,70,146,166,1,REVIEW
.jpg,166,34,50,0,KEEP
.zip,122,76,98,0,KEEP
.pdf,27,313,318,2,KEEP
.jpg,12,237,261,0,KEEP
.docx,173,190,215,1,REVIEW
.pdf,54,363,363,2,REVIEW
.pdf,115,282,310,0,REVIEW
.txt,11,164,180,2,KEEP
.tmp,54,98,120,2,CLEANUP
.csv,150,69,92,0,KEEP
.tmp,148,227,246,2,CLEANUP
.rar,109,201,226,1,REVIEW
.pdf,40,17,17,0,KEEP
.png,104,42,66,2,REVIEW
.pdf,108,172,190,1,REVIEW
.pdf,12,275,279,3,CLEANUP
.txt,49,17,26,0,KEEP
.mp4,47,12,41,3,CLEANUP
.rar,8,149,165,2,REVIEW
.png,198,200,224,1,REVIEW
.mp4,143,59,84,0,KEEP
.json,47,288,297,3,CLEANUP
.json,151,282,302,1,CLEANUP
.json,14,335,355,2,KEEP
.tmp,176,328,345,2,CLEANUP
.json,82,223,252,3,CLEANUP
.rar,146,103,119,1,KEEP
.jpg,108,188,200,1,REVIEW
.rar,171,183,205,3,CLEANUP
.jpg,120,4,32,1,KEEP
.tmp,161,16,28,1,KEEP
.rar,194,311,313,1,CLEANUP
.csv,13,141,158,3,CLEANUP
.json,123,39,52,3,CLEANUP
.pdf,62,245,256,0,KEEP
.jpg,121,266,295,0,REVIEW
.log,84,65,94,0,CLEANUP
.pdf,142,158,175,3,CLEANUP
.png,37,153,168,0,KEEP
.json,73,305,329,3,CLEANUP
.pdf,187,293,321,0,CLEANUP
.pdf,198,295,318,2,CLEANUP
.json,11,62,74,1,KEEP
.docx,52,260,286,3,CLEANUP
.json,63,310,330,2,REVIEW
.jpg,74,107,108,0,KEEP
.docx,3,262,266,0,KEEP
.zip,177,9,11,3,CLEANUP
.csv,61,178,195,1,KEEP
.csv,3,160,162,1,KEEP
.zip,125,89,97,3,CLEANUP
.jpg,98,267,275,3,CLEANUP
.tmp,29,137,139,0,CLEANUP
.rar,170,9,23,3,CLEANUP
.json,139,226,249,3,CLEANUP
.log,72,251,255,3,CLEANUP
.mp4,198,37,64,3,CLEANUP
.zip,197,81,98,3,CLEANUP
.rar,62,349,367,1,REVIEW
.jpg,40,354,361,2,KEEP
.rar,33,262,285,2,REVIEW
.rar,92,353,379,2,REVIEW
.docx,13,363,375,0,KEEP
.json,100,191,217,1,KEEP
.docx,133,235,247,1,REVIEW
.mp4,31,23,32,1,KEEP
.txt,181,158,164,2,REVIEW
.pdf,2,206,218,0,KEEP
.tmp,194,224,236,1,CLEANUP
.tmp,17,360,361,3,CLEANUP
.pdf,109,163,178,1,KEEP
.tmp,199,74,82,3,CLEANUP
.rar,156,60,74,1,KEEP
.png,22,196,215,3,CLEANUP
.png,68,219,235,3,CLEANUP
.pdf,138,193,214,1,REVIEW
.pdf,50,270,284,0,KEEP
.mp4,180,7,35,2,REVIEW
.txt,111,79,97,2,REVIEW
.zip,26,226,254,3,CLEANUP
.mp4,141,39,53,2,REVIEW
.txt,75,288,289,2,REVIEW
.zip,22,27,29,0,KEEP
.csv,184,92,120,0,KEEP
.json,101,84,89,2,REVIEW
.tmp,131,257,282,3,CLEANUP
.png,162,163,179,0,KEEP
.png,18,271,282,3,CLEANUP
.jpg,60,145,173,0,KEEP
.docx,27,174,191,3,CLEANUP
.pdf,93,181,204,3,CLEANUP
.csv,148,46,60,0,KEEP
.pdf,199,273,302,3,CLEANUP
.docx,9,166,181,0,KEEP
.docx,117,344,351,2,REVIEW
.csv,72,277,294,1,KEEP
.log,110,95,100,3,CLEANUP
.zip,33,102,110,3,CLEANUP
.png,179,88,96,0,KEEP
.pdf,46,160,174,3,CLEANUP
.mp4,92,148,148,1,KEEP
.png,97,2,2,0,KEEP
.rar,158,77,96,1,KEEP
.log,194,166,172,1,CLEANUP
.zip,143,106,128,3,CLEANUP
.pdf,61,123,128,0,KEEP
.json,103,223,231,1,REVIEW
.json,72,178,205,1,KEEP
.txt,111,251,257,2,REVIEW
.rar,132,314,335,1,REVIEW
.mp4,127,297,324,1,REVIEW
.mp4,12,87,98,0,KEEP
.mp4,122,147,169,1,KEEP
.log,136,221,243,0,CLEANUP
.zip,51,300,317,1,REVIEW
.png,150,37,60,0,KEEP
.mp4,156,202,220,2,REVIEW
.docx,182,207,207,2,REVIEW
.mp4,94,213,238,0,KEEP
.rar,37,4,31,3,CLEANUP
.png,188,152,169,0,KEEP
.jpg,105,250,270,1,REVIEW
.mp4,66,335,336,3,CLEANUP
.mp4,170,243,261,1,REVIEW
.json,12,131,143,1,KEEP
.zip,143,225,227,1,REVIEW
.png,87,298,309,1,KEEP
.csv,119,293,297,1,REVIEW
.mp4,62,316,344,2,REVIEW
.jpg,84,130,136,1,KEEP
.zip,89,28,29,2,REVIEW
.zip,193,164,176,2,REVIEW
.mp4,139,10,12,1,KEEP
.docx,93,266,277,1,KEEP
.pdf,133,276,283,2,REVIEW
.json,57,64,85,3,CLEANUP
.log,107,175,179,3,CLEANUP
.mp4,120,44,67,3,CLEANUP
.rar,134,108,134,0,KEEP
.pdf,78,130,138,2,REVIEW
.docx,26,285,285,2,KEEP
.docx,59,325,325,0,KEEP
.jpg,12,276,296,1,KEEP
.csv,43,126,127,0,KEEP
.zip,185,39,62,2,REVIEW
.jpg,151,294,313,2,CLEANUP
.pdf,45,308,323,1,KEEP
.docx,119,8,25,0,KEEP
.pdf,8,157,162,0,KEEP
.csv,175,290,290,2,REVIEW
.csv,171,114,131,0,KEEP
.txt,47,232,248,3,CLEANUP
.pdf,89,302,305,0,KEEP
.jpg,31,142,162,3,CLEANUP
.zip,90,220,221,1,REVIEW
.jpg,63,73,73,0,KEEP
.csv,13,73,93,0,KEEP
.tmp,68,98,126,1,CLEANUP
.tmp,102,19,24,1,KEEP
.png,23,339,351,2,KEEP
.log,54,89,109,2,CLEANUP
.zip,199,143,163,2,REVIEW
.log,161,305,321,2,CLEANUP
.docx,11,355,362,1,KEEP
.zip,194,265,267,0,REVIEW
.rar,48,117,145,1,KEEP
.pdf,133,304,308,2,REVIEW
.jpg,15,43,58,2,KEEP
.txt,108,21,43,2,REVIEW
.pdf,47,117,144,2,KEEP
.docx,51,271,274,0,KEEP
.mp4,19,290,303,0,KEEP
.jpg,117,52,65,2,REVIEW
.json,156,291,298,3,CLEANUP
.pdf,158,146,147,0,KEEP
.csv,90,345,374,2,REVIEW
.pdf,108,74,80,0,KEEP
.docx,191,312,328,1,CLEANUP
.docx,184,36,55,3,CLEANUP
.pdf,54,172,195,0,KEEP
.zip,123,141,163,1,REVIEW
.txt,137,26,34,2,REVIEW
.jpg,122,121,149,1,KEEP
.json,49,154,180,0,KEEP
.tmp,152,19,22,3,CLEANUP
.zip,89,146,164,3,CLEANUP
.pdf,183,242,246,2,REVIEW
.docx,108,226,226,2,REVIEW
.jpg,150,293,307,2,REVIEW
.jpg,160,11,20,0,KEEP
.log,185,254,278,1,CLEANUP
.tmp,7,85,102,2,CLEANUP
.mp4,125,167,175,0,KEEP
.pdf,24,188,201,2,KEEP
.jpg,102,42,48,0,KEEP
.pdf,97,164,166,0,KEEP
.tmp,123,70,78,2,CLEANUP
.pdf,49,316,317,3,CLEANUP
.txt,27,160,180,3,CLEANUP
.rar,50,67,88,3,CLEANUP
.tmp,3,342,347,1,CLEANUP
.csv,2,102,118,2,KEEP
.png,30,116,123,1,KEEP
.jpg,36,333,361,2,KEEP
.png,55,208,217,1,KEEP
.mp4,55,12,28,3,CLEANUP
.zip,3,144,173,0,REVIEW
.pdf,115,104,125,0,KEEP
.png,108,321,345,1,REVIEW
.jpg,198,231,231,0,REVIEW
.txt,38,226,254,1,KEEP
.pdf,151,114,126,1,KEEP
.log,2,249,257,0,CLEANUP
.tmp,180,190,212,1,CLEANUP
.jpg,55,262,264,1,KEEP
.mp4,86,316,320,3,CLEANUP
.docx,49,42,47,1,KEEP
.zip,158,216,225,1,REVIEW
.png,67,336,342,3,CLEANUP
.txt,143,163,164,2,REVIEW
.zip,20,256,265,0,REVIEW
.jpg,54,289,292,2,REVIEW
.mp4,110,336,357,1,REVIEW
.docx,131,25,37,0,KEEP
.pdf,149,25,39,3,CLEANUP
.pdf,12,288,315,0,KEEP
.json,20,146,174,3,CLEANUP
.rar,160,349,359,1,CLEANUP
.jpg,151,287,305,0,CLEANUP
.txt,10,345,346,1,KEEP
.csv,159,56,70,0,KEEP
.mp4,137,99,119,0,KEEP
.txt,115,263,278,3,CLEANUP
.pdf,4,260,266,3,CLEANUP
.txt,103,308,336,3,CLEANUP
.zip,166,231,248,2,REVIEW
.txt,191,62,90,2,REVIEW
.log,92,14,20,0,KEEP
.log,133,183,184,1,CLEANUP
.mp4,79,149,158,2,REVIEW
.pdf,167,65,77,0,KEEP
.txt,181,338,342,0,CLEANUP
.pdf,188,191,211,3,CLEANUP
.tmp,117,282,311,3,CLEANUP
.rar,112,252,269,3,CLEANUP
.txt,180,42,62,1,KEEP
.rar,105,192,208,3,CLEANUP
.tmp,129,130,157,3,CLEANUP
.tmp,10,242,267,3,CLEANUP
.json,21,284,294,2,KEEP
.zip,187,214,221,0,REVIEW
.jpg,188,343,366,0,CLEANUP
.docx,160,87,91,3,CLEANUP
.pdf,87,43,43,0,KEEP
.txt,152,17,21,3,CLEANUP
.png,58,228,238,3,CLEANUP
.png,135,28,46,2,REVIEW
.mp4,5,350,371,3,CLEANUP
.pdf,138,38,52,3,CLEANUP
.jpg,81,223,230,3,CLEANUP
.docx,73,49,52,1,KEEP
.tmp,105,169,193,1,CLEANUP
.mp4,114,266,286,3,CLEANUP
.tmp,2,269,289,3,CLEANUP
.png,32,288,315,1,KEEP
.pdf,15,273,280,1,KEEP
.docx,153,315,328,3,CLEANUP
.log,114,278,297,1,CLEANUP
.json,172,288,306,1,CLEANUP
.pdf,149,122,151,2,REVIEW
.rar,12,233,247,1,REVIEW
.zip,149,126,133,1,REVIEW
.png,135,151,162,3,CLEANUP
.docx,86,150,160,0,KEEP
.json,29,269,286,1,KEEP
.pdf,180,283,300,2,REVIEW
.mp4,151,88,99,0,KEEP
.mp4,165,189,189,3,CLEANUP
.jpg,118,19,41,0,KEEP
.pdf,108,281,285,2,REVIEW
.docx,186,144,151,0,KEEP
.png,3,104,106,3,CLEANUP
.rar,98,10,30,3,CLEANUP
.txt,155,66,74,3,CLEANUP
.txt,164,86,95,1,KEEP
.txt,12,209,222,1,KEEP
.png,181,20,30,3,CLEANUP
.pdf,70,312,330,0,KEEP
.pdf,111,132,151,1,KEEP
.rar,154,293,298,0,REVIEW
.pdf,103,202,207,1,REVIEW
.log,57,20,36,2,REVIEW
.rar,14,3,26,0,KEEP
.jpg,55,254,277,1,KEEP
.jpg,147,159,186,3,CLEANUP
.tmp,63,211,232,3,CLEANUP
.log,30,314,319,0,CLEANUP
.txt,192,19,34,0,KEEP
.pdf,183,113,135,0,KEEP
.pdf,116,113,139,3,CLEANUP
.png,57,118,130,0,KEEP
.mp4,4,148,163,2,KEEP
.pdf,198,47,60,3,CLEANUP
.log,137,90,105,0,CLEANUP
.docx,61,138,155,2,REVIEW
.pdf,113,350,379,1,REVIEW
.tmp,81,51,71,2,CLEANUP
.tmp,46,69,97,3,CLEANUP
.docx,49,74,78,3,CLEANUP
.pdf,4,126,132,2,KEEP
.mp4,129,280,304,3,CLEANUP
.png,182,174,201,3,CLEANUP
.pdf,31,84,107,0,KEEP
.csv,158,364,373,1,CLEANUP
.pdf,135,163,185,3,CLEANUP
.txt,138,336,351,1,REVIEW
.mp4,70,44,52,0,KEEP
.rar,107,84,101,1,KEEP
.jpg,21,196,213,0,KEEP
.png,70,127,141,1,KEEP
.png,148,143,158,2,REVIEW
.log,154,142,166,0,CLEANUP
.csv,82,69,71,2,REVIEW
.docx,49,345,365,3,CLEANUP
.csv,189,161,178,0,KEEP
.docx,71,86,108,0,KEEP
.jpg,61,61,62,3,CLEANUP
.png,169,86,102,0,KEEP
.jpg,198,98,98,1,KEEP
.docx,2,22,37,0,KEEP
.zip,98,144,159,2,REVIEW
.zip,86,76,99,2,REVIEW
.jpg,188,59,68,2,REVIEW
.pdf,63,49,55,0,KEEP
.docx,127,68,81,3,CLEANUP
.jpg,120,232,252,2,REVIEW
.rar,92,270,296,0,REVIEW
.mp4,58,284,309,0,KEEP
.pdf,153,248,277,2,REVIEW
.json,97,42,61,2,REVIEW
.pdf,180,279,303,2,CLEANUP
.log,147,197,215,2,CLEANUP
.docx,74,8,31,3,CLEANUP
.txt,164,85,92,2,REVIEW
.zip,143,238,245,1,REVIEW
.docx,198,268,269,2,REVIEW
.jpg,109,259,285,1,REVIEW
.docx,161,220,220,2,REVIEW
.docx,101,176,186,0,REVIEW
.mp4,198,246,264,3,CLEANUP
.pdf,139,302,324,3,CLEANUP
.csv,109,21,50,0,KEEP
.tmp,156,102,127,2,CLEANUP
.zip,128,283,287,0,REVIEW
.pdf,196,281,300,1,REVIEW
.docx,133,227,255,3,CLEANUP
.rar,116,134,152,3,CLEANUP
.tmp,139,364,375,0,CLEANUP
.log,131,76,103,1,CLEANUP
.docx,21,156,179,1,KEEP
.pdf,163,180,181,0,REVIEW
.png,82,314,324,0,KEEP
.mp4,128,150,166,0,KEEP
.txt,94,271,297,2,REVIEW
.pdf,125,272,273,1,REVIEW
.tmp,156,47,53,1,CLEANUP
.rar,124,1,8,2,REVIEW
.tmp,191,67,70,1,CLEANUP
.jpg,38,143,163,2,KEEP
.png,181,302,321,1,CLEANUP
.json,145,39,47,2,REVIEW
.pdf,115,225,230,2,REVIEW
.pdf,187,91,92,3,CLEANUP
.log,142,100,120,3,CLEANUP
.pdf,147,30,43,2,REVIEW
.mp4,25,344,357,1,KEEP
.csv,150,83,96,2,REVIEW
.txt,19,201,228,3,CLEANUP
.csv,63,73,99,3,CLEANUP
.txt,19,120,125,0,KEEP
.jpg,168,286,294,3,CLEANUP
.jpg,52,89,102,2,REVIEW
.pdf,187,334,363,0,CLEANUP
.pdf,68,264,265,0,KEEP
.log,86,120,142,3,CLEANUP
.docx,113,158,169,2,REVIEW
.tmp,50,255,275,0,CLEANUP
.tmp,101,172,172,0,CLEANUP
.pdf,189,324,326,0,CLEANUP
.pdf,65,8,20,2,REVIEW
.mp4,76,76,89,2,REVIEW
.pdf,147,26,45,0,KEEP
.docx,21,307,312,3,CLEANUP
.txt,179,132,154,2,REVIEW
.pdf,4,76,88,2,KEEP
.zip,194,162,188,2,REVIEW
.csv,72,87,92,1,KEEP
.rar,145,61,72,1,KEEP
.pdf,136,362,362,0,REVIEW
.log,99,142,144,3,CLEANUP
.tmp,56,177,189,0,CLEANUP
.pdf,46,190,197,2,KEEP
.rar,97,90,96,0,KEEP
.mp4,192,318,327,2,CLEANUP
.pdf,9,344,348,0,KEEP
.jpg,88,277,295,2,REVIEW
.jpg,41,39,51,3,CLEANUP
.png,147,333,346,0,REVIEW
.log,108,19,30,3,CLEANUP
.json,109,268,296,3,CLEANUP
.tmp,90,103,130,1,CLEANUP
.png,153,347,360,2,CLEANUP
.png,175,215,231,2,REVIEW
.rar,146,324,353,0,REVIEW
.mp4,82,147,161,3,CLEANUP
.jpg,113,225,236,1,REVIEW
.tmp,41,258,286,0,CLEANUP
.zip,51,331,343,1,REVIEW
.jpg,51,118,126,0,KEEP
.docx,3,84,89,2,KEEP
.png,93,166,168,3,CLEANUP
.csv,2,81,89,1,KEEP
.jpg,65,311,323,2,REVIEW
.pdf,62,49,73,2,REVIEW
.txt,38,284,304,1,KEEP
.rar,164,99,111,2,REVIEW
.jpg,122,30,57,3,CLEANUP
.txt,195,195,222,3,CLEANUP
.json,63,23,30,2,REVIEW
.jpg,57,118,121,3,CLEANUP
.zip,167,290,313,3,CLEANUP
.mp4,196,56,56,0,KEEP
.json,19,157,166,3,CLEANUP
.log,163,126,136,0,CLEANUP
.pdf,64,325,332,1,KEEP
.rar,184,204,209,0,REVIEW
.pdf,113,325,354,3,CLEANUP
.csv,67,75,87,3,CLEANUP
.pdf,174,363,389,1,CLEANUP
.log,6,315,343,2,CLEANUP
.mp4,170,122,150,0,KEEP
.csv,101,35,57,1,KEEP
.jpg,113,285,297,2,REVIEW
.csv,145,109,124,1,KEEP
.jpg,165,305,317,1,CLEANUP
.docx,53,343,361,2,REVIEW
.tmp,160,109,127,1,CLEANUP
.pdf,174,21,32,2,REVIEW
.jpg,129,92,115,0,KEEP
.mp4,111,354,364,3,CLEANUP
.mp4,17,99,126,1,KEEP
.zip,152,250,268,0,REVIEW
.png,8,284,288,0,KEEP
.png,118,147,173,0,KEEP
.jpg,54,173,187,3,CLEANUP
.pdf,139,5,21,3,CLEANUP
.tmp,46,12,17,0,KEEP
.json,154,304,315,3,CLEANUP
.png,70,183,208,3,CLEANUP
.tmp,161,216,238,2,CLEANUP
.jpg,192,249,267,1,REVIEW
.png,181,219,236,3,CLEANUP
.txt,4,163,178,2,KEEP
.pdf,116,337,353,0,REVIEW
.tmp,72,147,152,2,CLEANUP
.mp4,13,189,211,3,CLEANUP
.png,22,349,370,2,KEEP
.rar,138,298,327,0,REVIEW
.log,194,169,192,2,CLEANUP
.docx,57,222,236,2,REVIEW
.csv,8,282,298,3,CLEANUP
.tmp,135,67,67,3,CLEANUP
.txt,1,37,49,3,CLEANUP
.json,188,128,136,2,REVIEW
.rar,35,194,201,2,REVIEW
.mp4,174,260,289,2,REVIEW
.pdf,99,72,74,1,KEEP
.txt,173,290,302,0,CLEANUP
.pdf,102,16,17,3,CLEANUP
.pdf,162,234,261,3,CLEANUP
.mp4,66,13,36,2,REVIEW
.docx,34,295,297,3,CLEANUP
.tmp,120,55,81,1,CLEANUP
.tmp,53,295,295,0,CLEANUP
.zip,181,269,289,2,REVIEW
.log,57,281,302,2,CLEANUP
.rar,23,32,61,1,KEEP
.jpg,54,52,71,3,CLEANUP
.jpg,178,53,76,2,REVIEW
.jpg,191,260,272,2,REVIEW
.png,12,119,132,1,KEEP
.pdf,98,127,137,0,KEEP
.png,79,241,266,0,KEEP
.pdf,96,214,219,0,KEEP
.pdf,50,264,272,1,KEEP
.docx,121,320,348,3,CLEANUP
.pdf,65,107,125,0,KEEP
.rar,172,100,117,2,REVIEW
.json,83,177,182,3,CLEANUP
.json,179,186,208,1,REVIEW
.jpg,60,217,240,2,REVIEW
.pdf,23,213,233,2,KEEP
.zip,161,24,35,2,REVIEW
.csv,175,281,310,0,CLEANUP
.pdf,140,293,302,0,REVIEW
.log,48,359,386,3,CLEANUP
.mp4,47,146,159,2,KEEP
.log,124,13,30,0,KEEP
.txt,31,16,24,0,KEEP
.rar,54,100,112,2,REVIEW
.jpg,162,216,223,2,REVIEW
.pdf,3,28,33,3,CLEANUP
.pdf,28,310,331,0,KEEP
.rar,13,313,329,1,REVIEW
.txt,53,44,58,0,KEEP
.zip,13,165,170,3,CLEANUP
.txt,81,356,369,1,KEEP
.pdf,131,111,116,0,KEEP
.json,116,24,52,2,REVIEW
.rar,122,188,213,1,REVIEW
.png,119,156,171,2,REVIEW
.docx,92,186,197,2,REVIEW
.jpg,170,187,201,1,REVIEW
.log,165,134,140,3,CLEANUP
.log,153,33,55,1,CLEANUP
.docx,57,126,137,3,CLEANUP
.jpg,117,135,138,2,REVIEW
.zip,160,331,338,0,CLEANUP
.jpg,45,214,240,3,CLEANUP
.rar,157,157,158,1,REVIEW
.mp4,79,124,146,3,CLEANUP
.pdf,90,104,112,2,REVIEW
.txt,96,331,345,3,CLEANUP
.pdf,17,59,84,3,CLEANUP
.jpg,185,26,50,1,KEEP
.tmp,83,267,279,0,CLEANUP
.jpg,68,351,378,2,REVIEW
.tmp,49,175,194,1,CLEANUP
.tmp,188,57,71,2,CLEANUP
.png,26,241,258,0,KEEP
.mp4,105,248,269,0,REVIEW
.csv,155,226,240,3,CLEANUP
.jpg,21,46,50,1,KEEP
.tmp,86,210,223,1,CLEANUP
.docx,3,6,34,3,CLEANUP
.docx,108,161,177,3,CLEANUP
.csv,50,11,38,3,CLEANUP
.csv,16,68,70,3,CLEANUP
.csv,64,187,212,1,KEEP
.jpg,139,357,381,1,REVIEW
.jpg,55,358,379,1,KEEP
.csv,4,108,126,0,KEEP
.json,98,273,283,2,REVIEW
.jpg,194,247,254,0,REVIEW
.rar,96,94,94,2,REVIEW
.zip,187,84,107,1,KEEP
.png,86,44,52,0,KEEP
.pdf,101,156,165,2,REVIEW
.zip,170,252,259,1,REVIEW
.jpg,176,91,112,0,KEEP
.docx,93,364,376,0,KEEP
.pdf,9,248,270,2,KEEP
.csv,129,160,184,0,REVIEW
.mp4,67,117,146,2,REVIEW
.pdf,103,91,116,1,KEEP
.zip,173,116,144,3,CLEANUP
.jpg,82,324,324,1,KEEP
.json,154,116,138,1,KEEP
.txt,41,105,109,1,KEEP
.csv,22,354,377,0,KEEP
.docx,68,197,207,3,CLEANUP
.jpg,99,76,101,2,REVIEW
.tmp,188,199,213,2,CLEANUP
.json,40,133,153,1,KEEP
.txt,106,84,98,1,KEEP
.docx,136,41,56,2,REVIEW
.jpg,46,324,349,2,KEEP
.rar,129,195,209,3,CLEANUP
.txt,191,189,192,1,REVIEW
.png,24,4,6,1,KEEP
.rar,181,248,267,2,REVIEW
.json,95,254,274,1,KEEP
.jpg,188,54,59,0,KEEP
.png,168,103,108,0,KEEP
.tmp,3,179,200,2,CLEANUP
.docx,76,38,56,2,REVIEW
.zip,169,343,368,1,CLEANUP
.rar,101,25,40,2,REVIEW
.tmp,185,47,68,3,CLEANUP
.csv,22,213,234,0,KEEP
.pdf,16,59,81,2,KEEP
.png,32,162,191,0,KEEP
.tmp,10,214,238,0,CLEANUP
.jpg,180,111,135,2,REVIEW
.png,102,241,241,2,REVIEW
.jpg,36,81,89,2,KEEP
.txt,104,271,277,2,REVIEW
.txt,151,167,195,1,REVIEW
.log,162,251,259,0,CLEANUP
.pdf,70,262,281,3,CLEANUP
.docx,81,63,79,3,CLEANUP
.zip,109,183,183,0,REVIEW
.log,15,100,103,1,CLEANUP
.pdf,43,78,103,0,KEEP
.csv,189,247,250,3,CLEANUP
.png,83,168,186,0,KEEP
.jpg,27,336,341,3,CLEANUP
.docx,64,147,158,3,CLEANUP
.pdf,89,148,151,3,CLEANUP
.tmp,120,22,40,0,KEEP
.txt,7,206,229,2,KEEP
.jpg,16,83,101,1,KEEP
.docx,72,124,124,0,KEEP
.pdf,53,331,335,2,REVIEW
.mp4,134,97,101,0,KEEP
.rar,69,118,141,2,REVIEW
.log,50,19,40,0,KEEP
.pdf,47,167,170,0,KEEP
.zip,182,79,101,1,KEEP
.txt,128,310,338,3,CLEANUP
.csv,24,338,347,0,KEEP
.csv,62,157,166,0,KEEP
.pdf,58,325,352,1,KEEP
.jpg,82,219,235,3,CLEANUP
.pdf,131,266,267,0,REVIEW
.png,2,124,147,1,KEEP
.zip,154,295,321,0,CLEANUP
.json,20,41,62,3,CLEANUP
.jpg,84,322,351,0,KEEP
.pdf,67,134,148,2,REVIEW
.zip,96,48,53,0,KEEP
.jpg,59,258,286,3,CLEANUP
.json,154,266,286,2,REVIEW
.docx,179,48,68,2,REVIEW
.png,100,98,127,0,KEEP
.pdf,193,301,304,2,CLEANUP
.tmp,164,83,83,1,CLEANUP
.log,46,106,111,3,CLEANUP
.zip,74,283,304,1,REVIEW
.pdf,85,127,151,3,CLEANUP
.rar,132,93,119,0,KEEP
.mp4,147,248,275,0,REVIEW
.jpg,41,170,187,3,CLEANUP
.docx,39,245,267,2,KEEP
.png,47,63,63,0,KEEP
.pdf,43,290,297,2,KEEP
.mp4,195,318,343,0,CLEANUP
.zip,82,94,109,2,REVIEW
.txt,38,127,145,3,CLEANUP
.json,77,174,176,1,KEEP
.jpg,120,91,104,3,CLEANUP
.pdf,73,107,131,2,REVIEW
.tmp,28,353,374,0,CLEANUP
.zip,56,187,207,1,REVIEW
.zip,107,123,150,1,REVIEW
.mp4,164,114,141,2,REVIEW
.json,92,18,19,2,REVIEW
.tmp,139,186,210,0,CLEANUP
.tmp,135,61,71,1,CLEANUP
.pdf,129,311,313,1,REVIEW
.pdf,121,102,107,0,KEEP
.docx,133,202,229,0,REVIEW
.png,195,109,123,3,CLEANUP
.mp4,196,69,69,3,CLEANUP
.json,27,312,321,2,KEEP
.tmp,61,319,344,3,CLEANUP
.rar,55,302,324,3,CLEANUP
.txt,110,177,186,1,REVIEW
.json,97,213,241,0,KEEP
.pdf,109,35,41,1,KEEP
.jpg,5,87,103,3,CLEANUP
.rar,195,313,334,0,CLEANUP
.docx,165,87,99,3,CLEANUP
.zip,112,45,61,2,REVIEW
.pdf,194,134,145,1,KEEP
.tmp,33,209,238,2,CLEANUP
.png,122,138,152,3,CLEANUP
.jpg,162,201,210,3,CLEANUP
.tmp,167,247,261,1,CLEANUP
.tmp,118,152,159,2,CLEANUP
.jpg,175,289,318,0,CLEANUP
.jpg,74,175,184,0,KEEP
.docx,98,141,162,0,KEEP
.zip,176,239,251,3,CLEANUP
.jpg,64,317,345,2,REVIEW
.pdf,26,17,23,0,KEEP
.log,49,7,32,0,KEEP
.csv,193,241,270,0,REVIEW
.rar,131,207,235,0,REVIEW
.docx,26,144,168,1,KEEP
.png,120,312,312,0,REVIEW
.txt,80,364,382,1,KEEP
.txt,157,339,357,1,CLEANUP
.mp4,15,139,159,1,KEEP
.log,146,48,49,3,CLEANUP
.pdf,6,204,218,0,KEEP
.png,79,220,239,0,KEEP
.csv,82,322,334,0,KEEP
.csv,20,221,247,1,KEEP
.tmp,83,3,24,1,KEEP
.log,59,62,65,2,CLEANUP
.log,75,122,132,3,CLEANUP
.pdf,130,62,78,0,KEEP
.pdf,124,317,340,2,REVIEW
.pdf,164,136,144,1,KEEP
.jpg,112,318,324,3,CLEANUP
.jpg,99,211,222,0,KEEP
.log,92,265,292,1,CLEANUP
.png,145,215,217,0,REVIEW
.zip,36,245,266,1,REVIEW
.docx,170,269,279,1,REVIEW
.log,104,59,83,3,CLEANUP
.jpg,130,94,123,3,CLEANUP
.png,139,207,222,0,REVIEW
.jpg,178,346,368,1,CLEANUP
.csv,113,62,67,0,KEEP
.tmp,166,222,250,0,CLEANUP
.jpg,156,110,122,2,REVIEW
.jpg,22,74,80,0,KEEP
.txt,132,279,301,1,REVIEW
